Source IP,Destination IP,NumRepititions,AvgPeriod,PeriodVariance,label
192.168.218.218,29.92.235.15,16,568.8141598125001,205740.6246730769,non-beacon
192.168.81.191,13.4.215.91,10,774.5874591999999,508272.1222110485,non-beacon
192.168.103.163,71.76.177.98,11,798.862653181818,96673.21939386809,non-beacon
192.168.103.163,29.242.128.179,12,756.9922070833335,280835.9032219036,non-beacon
192.168.253.217,218.104.100.206,13,512.8154529999999,186000.8317607696,non-beacon
192.168.105.219,127.254.163.108,7,1289.1246335714288,961828.8744826692,non-beacon
192.168.100.202,225.252.187.246,3,1456.6390116666669,1681240.9108486145,non-beacon
192.168.218.218,230.85.238.185,4,1878.35054,1176740.1725887074,non-beacon
192.168.134.208,29.92.235.15,12,778.0449596666666,655965.364444096,non-beacon
192.168.81.191,5.181.34.254,14,645.7714394285713,232811.46665122616,non-beacon
192.168.103.163,217.42.197.223,9,934.0615195555555,520253.57745537243,non-beacon
192.168.81.191,98.177.110.62,12,734.4806036666668,597594.0963310638,non-beacon
192.168.103.163,128.155.93.121,11,874.2805276363638,564323.7022469346,non-beacon
192.168.100.202,88.117.76.47,7,1038.1026467142856,1684335.2052034729,non-beacon
192.168.103.163,19.49.115.14,10,727.7108437999999,585834.4067785533,non-beacon
192.168.103.163,110.10.49.22,11,668.5298280000001,263138.6724098974,non-beacon
192.168.105.219,177.158.56.11,7,998.5913712857143,602773.1949716661,non-beacon
192.168.134.208,183.73.193.177,13,715.4119443076924,391306.13416188833,non-beacon
192.168.253.217,115.28.69.139,7,1145.8656417142859,1200682.3028658233,non-beacon
192.168.84.202,2.11.52.169,8,1199.19381975,570663.7793188923,non-beacon
192.168.100.202,117.95.84.22,14,699.8707585714286,335541.22087886947,non-beacon
192.168.253.217,126.82.213.187,9,935.4339869999999,350108.28321192926,non-beacon
192.168.42.245,228.86.32.151,5,1671.0957508,2016582.3047795272,non-beacon
192.168.84.202,167.74.76.72,11,888.5752817272726,1086797.912192936,non-beacon
192.168.182.63,235.76.70.9,14,613.9236060000001,242740.18481553745,non-beacon
192.168.103.163,200.32.242.198,7,1106.3549662857142,599687.2255622318,non-beacon
192.168.100.202,74.152.2.41,6,1225.2060783333334,896096.9057941142,non-beacon
192.168.100.202,235.41.86.124,10,802.5390359999999,414098.3276773677,non-beacon
192.168.84.202,124.168.101.162,14,616.0573174285715,276473.6094971838,non-beacon
192.168.84.202,155.240.196.34,7,1363.255577714286,2311990.9226065082,non-beacon
192.168.105.219,98.177.110.62,8,1075.100759125,541061.9020526983,non-beacon
192.168.100.202,2.61.174.204,8,886.368303,655496.8275467395,non-beacon
192.168.103.163,201.197.128.181,8,1175.03194975,1816502.8125182919,non-beacon
192.168.182.63,171.194.190.12,10,835.1552681,249023.03328368565,non-beacon
192.168.100.202,6.102.16.230,5,1762.508668,1799274.1021511354,non-beacon
192.168.218.218,204.140.138.141,13,624.702384,282523.59358399245,non-beacon
192.168.253.217,1.34.17.203,6,1193.3712591666665,1165416.732696018,non-beacon
192.168.84.202,224.242.140.208,13,711.0486600769229,506253.2361232863,non-beacon
192.168.218.218,6.102.16.230,10,924.9207112999999,461191.9974704004,non-beacon
192.168.253.217,37.147.7.92,11,753.9417861818182,562826.7059222324,non-beacon
192.168.81.191,190.89.188.133,10,650.7213676,402700.46258550737,non-beacon
192.168.103.163,95.197.245.212,14,596.9075137857142,555996.4007147171,non-beacon
192.168.100.202,251.107.70.158,7,1058.729363714286,413154.7763033857,non-beacon
192.168.218.218,177.158.56.11,3,2550.7710253333335,4095980.445701271,non-beacon
192.168.182.63,17.178.0.1,13,588.5385738461539,312513.383777961,non-beacon
192.168.218.218,124.168.101.162,12,717.6839655833336,301943.77257123543,non-beacon
192.168.253.217,35.237.188.72,9,587.8684874444446,651184.0484723047,non-beacon
192.168.253.217,29.138.228.137,5,1546.5202866000002,2360264.4900224665,non-beacon
192.168.218.218,2.61.174.204,8,942.91726175,783641.3977558597,non-beacon
192.168.84.202,192.22.178.144,7,1066.2196858571426,753450.6792082567,non-beacon
192.168.105.219,9.227.168.107,9,1070.0490781111112,582224.963507812,non-beacon
192.168.84.202,86.33.209.185,8,1190.8592646250002,505906.66351370106,non-beacon
192.168.81.191,71.76.177.98,10,880.5158547999999,315364.1800016999,non-beacon
192.168.253.217,105.29.25.45,8,1173.281792375,875597.9436305905,non-beacon
192.168.182.63,8.8.8.8,163,60.8032253190184,0.33633103506988354,beacon
192.168.103.163,29.138.228.137,6,1317.311871333333,948606.0294186743,non-beacon
192.168.84.202,115.166.232.26,6,1077.2854705000002,667494.8132963107,non-beacon
192.168.218.218,141.187.39.25,7,896.923977,437549.8121642935,non-beacon
192.168.253.217,26.6.72.28,6,1578.6585773333334,3373980.1181593523,non-beacon
192.168.105.219,73.93.245.28,9,734.5469616666666,430170.20391004044,non-beacon
192.168.105.219,115.28.69.139,8,1057.5007944999998,855677.1446880955,non-beacon
192.168.42.245,95.197.245.212,8,1150.126389625,1863684.9374821042,non-beacon
192.168.81.191,88.117.76.47,9,680.8481725555555,514204.52759100165,non-beacon
192.168.105.219,117.95.84.22,9,813.0400233333332,1023902.6798144879,non-beacon
192.168.100.202,225.185.243.136,12,720.1635194166666,205796.0105232823,non-beacon
192.168.134.208,6.102.16.230,10,915.0653486000001,860944.8217862746,non-beacon
192.168.84.202,201.169.9.152,11,628.4120379999999,177920.39354097174,non-beacon
192.168.84.202,126.82.213.187,8,1190.68524875,1803586.00391182,non-beacon
192.168.84.202,251.107.70.158,7,1081.0445104285716,1003743.4186491651,non-beacon
192.168.253.217,69.206.38.24,9,671.5046663333334,268269.8139060028,non-beacon
192.168.100.202,45.105.154.110,11,850.805014181818,465818.4988085901,non-beacon
192.168.84.202,20.178.20.121,10,816.2735945,1008160.7103097395,non-beacon
192.168.42.245,9.227.168.107,8,854.32637775,374500.0371171013,non-beacon
192.168.100.202,141.187.39.25,7,1338.6359565714286,1087957.5199507445,non-beacon
192.168.42.245,105.29.25.45,10,906.1431557,446129.28997213655,non-beacon
192.168.253.217,13.4.215.91,7,1330.1898858571426,1028406.178714185,non-beacon
192.168.100.202,217.42.197.223,11,707.3174396363637,238882.33530661828,non-beacon
192.168.134.208,86.33.209.185,12,735.0745947500001,860664.9812723384,non-beacon
192.168.182.63,148.19.106.209,14,643.8683858571429,215426.30122371815,non-beacon
192.168.253.217,17.178.0.1,9,881.832907111111,533163.9422359304,non-beacon
192.168.218.218,53.35.146.99,12,794.9773829166666,992127.4775886432,non-beacon
192.168.42.245,100.230.24.10,4,1387.34643725,750705.2669645993,non-beacon
192.168.81.191,54.97.21.92,3,1799.8545996666664,656540.5927704396,non-beacon
192.168.218.218,17.178.0.1,10,914.0319243,337099.89361664554,non-beacon
192.168.100.202,110.10.49.22,3,627.7043296666667,166738.73649050514,non-beacon
192.168.105.219,155.39.254.91,8,795.385124375,769906.1445228939,non-beacon
192.168.218.218,69.206.38.24,9,981.1524532222223,882660.309193249,non-beacon
192.168.103.163,225.252.187.246,8,1044.513141375,271575.6830080654,non-beacon
192.168.105.219,171.26.210.212,6,1439.9895983333336,2260956.276293286,non-beacon
192.168.81.191,167.74.76.72,10,907.7552049000002,678927.8385340871,non-beacon
192.168.42.245,155.240.196.34,15,654.4523003999999,83213.123513688,non-beacon
192.168.103.163,80.133.223.196,10,791.8054199,651323.4201281077,non-beacon
192.168.103.163,251.107.70.158,7,1102.7357672857142,2910624.094467059,non-beacon
192.168.253.217,110.10.49.22,9,1094.0629434444445,1948604.0821867,non-beacon
192.168.100.202,204.140.138.141,4,1573.503081,969253.5889263689,non-beacon
192.168.100.202,228.86.32.151,6,1350.6915554999998,581459.8861151129,non-beacon
192.168.42.245,150.124.191.87,10,637.0067280000001,313375.977385919,non-beacon
192.168.218.218,183.73.193.177,7,1361.8340688571427,1680603.6100991778,non-beacon
192.168.103.163,74.152.2.41,6,1436.1109969999998,1444853.2232603778,non-beacon
192.168.84.202,255.74.138.107,6,1189.2619980000002,3534542.810296208,non-beacon
192.168.182.63,95.197.245.212,6,1432.0481978333337,1612930.8458802702,non-beacon
192.168.218.218,145.235.78.233,10,949.0386588000001,897116.5119174675,non-beacon
192.168.100.202,35.237.188.72,7,1032.2310767142856,175430.2259317242,non-beacon
192.168.103.163,2.61.174.204,11,858.7712701818182,648063.6022682688,non-beacon
192.168.182.63,80.133.223.196,9,993.4537662222224,462383.01633810636,non-beacon
192.168.84.202,118.111.43.25,12,804.5816151666667,173516.56349816397,non-beacon
192.168.103.163,218.104.100.206,10,921.6358442000001,541178.990285826,non-beacon
192.168.182.63,167.74.76.72,7,1227.5740497142858,442363.55649097136,non-beacon
192.168.253.217,29.242.128.179,6,1592.4142805000001,1188938.3490618863,non-beacon
192.168.182.63,177.233.229.20,5,1621.6748174,1773624.9219379001,non-beacon
192.168.81.191,201.169.9.152,1,4699.951929000001,0.0,non-beacon
192.168.182.63,69.206.38.24,4,1716.49665125,224547.81091076112,non-beacon
192.168.84.202,113.131.91.37,12,747.6712910833334,243988.24092692265,non-beacon
192.168.134.208,148.19.106.209,11,798.6165988181818,447107.44631225656,non-beacon
192.168.105.219,2.11.52.169,9,1038.9307148888888,485685.1205478654,non-beacon
192.168.81.191,86.33.209.185,10,860.9980321999999,613164.1842505313,non-beacon
192.168.81.191,9.227.168.107,14,660.3890823571428,459834.23973809025,non-beacon
192.168.103.163,6.102.16.230,11,900.8479193636365,472440.669920669,non-beacon
192.168.182.63,155.240.196.34,8,890.8091498750001,417153.338952694,non-beacon
192.168.105.219,29.242.128.179,7,1167.941519,1626869.6063349864,non-beacon
192.168.81.191,115.166.232.26,9,814.8324633333334,586957.879493684,non-beacon
192.168.105.219,86.92.23.137,14,659.2287235714285,903547.8607849181,non-beacon
192.168.105.219,141.75.44.180,8,770.4817205,426817.0999983666,non-beacon
192.168.103.163,121.185.11.198,14,684.6837602857142,245582.2050362425,non-beacon
192.168.84.202,115.28.69.139,5,1613.2858796,1189309.571729477,non-beacon
192.168.81.191,183.73.193.177,10,683.6519228,231615.7042260769,non-beacon
192.168.81.191,155.17.131.46,10,768.693861,135780.77865165327,non-beacon
192.168.182.63,8.122.17.133,8,1211.144653875,700491.6264001206,non-beacon
192.168.103.163,54.97.21.92,9,1027.0475283333335,468491.1528149422,non-beacon
192.168.84.202,54.97.21.92,6,1489.0340666666668,1112577.8787205573,non-beacon
192.168.218.218,58.50.47.48,4,1378.3474459999998,654960.6890127418,non-beacon
192.168.100.202,29.138.228.137,7,1040.061025,675466.608013295,non-beacon
192.168.81.191,95.197.245.212,9,969.586408888889,423007.0929260593,non-beacon
192.168.253.217,74.152.2.41,11,729.0091408181819,567797.7047234307,non-beacon
192.168.84.202,243.165.50.35,4,2392.7143937499995,3052623.5983300474,non-beacon
192.168.42.245,127.254.163.108,5,1667.9883026,1197549.424701931,non-beacon
192.168.84.202,9.227.168.107,11,870.5724624545454,595817.1751120082,non-beacon
192.168.100.202,243.165.50.35,11,743.2948896363637,450138.9131843377,non-beacon
192.168.42.245,45.105.154.110,17,569.1385271764706,442509.59238587366,non-beacon
192.168.105.219,115.166.232.26,8,1075.5614663749998,794128.2334103768,non-beacon
192.168.218.218,155.39.254.91,13,620.9014510769231,172402.90562404523,non-beacon
192.168.105.219,69.206.38.24,14,638.6597105,404351.08361613296,non-beacon
192.168.42.245,126.82.213.187,5,1868.475825,518728.4903095222,non-beacon
192.168.105.219,86.33.209.185,14,599.3422167142855,311494.1939272304,non-beacon
192.168.253.217,154.105.107.242,7,1413.9761388571428,975185.2071669523,non-beacon
192.168.100.202,110.158.75.236,9,976.4800335555556,455984.35555550485,non-beacon
192.168.218.218,115.28.69.139,5,1726.2221722000002,2029299.1529675212,non-beacon
192.168.218.218,117.95.84.22,8,937.8812985,803784.0956207542,non-beacon
192.168.105.219,200.32.242.198,4,1778.008976,2260511.029596446,non-beacon
192.168.134.208,200.32.242.198,12,702.96060525,254263.36468222854,non-beacon
192.168.134.208,155.17.131.46,12,704.52776675,253800.7574147645,non-beacon
192.168.218.218,243.165.50.35,10,634.9988798,171849.4423184988,non-beacon
192.168.81.191,50.75.199.161,11,827.6217994545455,493755.2665226074,non-beacon
192.168.253.217,110.158.75.236,8,986.7920193749999,707511.7462045174,non-beacon
192.168.134.208,201.197.128.181,14,633.7456766428571,260563.10454700707,non-beacon
192.168.182.63,177.158.56.11,8,1010.5611386249999,289319.2149744126,non-beacon
192.168.218.218,105.46.33.138,10,674.2923099000001,192126.0246152782,non-beacon
192.168.100.202,50.75.199.161,7,1104.1117528571428,954899.6676168408,non-beacon
192.168.81.191,171.194.190.12,6,1568.6023666666667,1976892.8028683218,non-beacon
192.168.182.63,80.101.198.188,9,943.2745604444444,651841.778100652,non-beacon
192.168.134.208,5.181.34.254,6,946.8398745000001,1265345.5503375765,non-beacon
192.168.218.218,201.197.128.181,13,740.3770812307692,668467.1989385248,non-beacon
192.168.103.163,171.26.210.212,10,956.1527431000001,745718.7448617129,non-beacon
192.168.81.191,29.242.128.179,10,703.730709,438126.14511136507,non-beacon
192.168.100.202,148.19.106.209,2,1772.8967264999999,320867.5777141898,non-beacon
192.168.84.202,6.102.16.230,10,913.1828241,546453.878998981,non-beacon
192.168.253.217,99.218.83.185,8,1066.8971971249998,2093025.4991949364,non-beacon
192.168.218.218,87.55.79.49,12,692.655447,638674.9529516491,non-beacon
192.168.84.202,193.199.182.196,15,506.2884517333334,143022.2072438695,non-beacon
192.168.84.202,8.122.17.133,9,998.4262875555554,284604.0811728677,non-beacon
192.168.182.63,71.76.177.98,8,1036.3920816250002,571964.3632571973,non-beacon
192.168.103.163,35.237.188.72,8,986.8003266249999,701615.3652731564,non-beacon
192.168.100.202,185.193.223.154,4,1909.51347875,2343436.8934786427,non-beacon
192.168.100.202,174.231.203.32,10,899.7752794,249233.89934289563,non-beacon
192.168.182.63,54.97.21.92,6,1241.9158318333334,333792.17471379484,non-beacon
192.168.105.219,217.42.197.223,11,871.557577,924305.546479864,non-beacon
192.168.253.217,128.155.93.121,15,585.0244068666667,299289.40127101826,non-beacon
192.168.84.202,38.139.204.159,9,968.818558111111,699142.5768696083,non-beacon
192.168.81.191,255.74.138.107,8,836.2218393750001,919613.4355271447,non-beacon
192.168.134.208,118.111.43.25,5,1155.3869094,917230.2508991801,non-beacon
192.168.84.202,183.73.193.177,11,774.5738284545455,295540.6777673327,non-beacon
192.168.182.63,26.6.72.28,8,1106.5037951250001,552536.7121438744,non-beacon
192.168.105.219,157.247.55.67,7,1290.7229630000002,960671.2741042603,non-beacon
192.168.134.208,141.75.44.180,3,3108.8456929999998,3623054.5758737437,non-beacon
192.168.134.208,193.199.182.196,5,1188.1394224,306774.9804831464,non-beacon
192.168.134.208,150.124.191.87,7,478.1985591428571,160240.424314517,non-beacon
192.168.218.218,167.74.76.72,10,894.5858144999999,1848314.092177583,non-beacon
192.168.134.208,26.6.72.28,11,859.6008757272728,630139.2132595767,non-beacon
192.168.218.218,35.237.188.72,6,1343.8287360000002,832347.791669231,non-beacon
192.168.84.202,110.158.75.236,13,670.5329264615385,394127.52473205596,non-beacon
192.168.103.163,73.93.245.28,7,1378.8760469999997,1336983.6571671243,non-beacon
192.168.134.208,167.74.76.72,4,1367.6878822499998,736115.8016936639,non-beacon
192.168.103.163,20.178.20.121,16,572.2426028125001,453093.8215289015,non-beacon
192.168.100.202,145.235.78.233,11,886.3011193636364,546605.6139219537,non-beacon
192.168.253.217,155.17.131.46,10,930.9447217,798690.4421164605,non-beacon
192.168.100.202,121.185.11.198,4,1814.218359,214730.81001342204,non-beacon
192.168.100.202,160.175.249.253,2,1442.5258855,540250.3394221313,non-beacon
192.168.81.191,218.104.100.206,11,685.2265683636363,268657.29697614047,non-beacon
192.168.134.208,74.152.2.41,5,1300.98756,492072.41229032085,non-beacon
192.168.84.202,29.242.128.179,8,958.9098665000001,919299.4947143027,non-beacon
192.168.105.219,90.5.95.6,9,895.3335908888888,392921.61305949284,non-beacon
192.168.81.191,201.197.128.181,8,1093.0710731249999,1507871.7006640588,non-beacon
192.168.100.202,190.89.188.133,3,1211.1395876666668,289406.42270439997,non-beacon
192.168.134.208,235.41.86.124,8,1077.394167375,549084.6894862182,non-beacon
192.168.84.202,80.101.198.188,9,944.5940895555555,399883.64804877876,non-beacon
192.168.105.219,29.92.235.15,9,949.4170008888889,233137.9755072276,non-beacon
192.168.81.191,80.133.223.196,9,1009.7340537777777,592115.6039004237,non-beacon
192.168.103.163,250.49.159.106,9,1053.7729894444444,727517.8475956159,non-beacon
192.168.100.202,141.75.44.180,4,1597.49749625,1135657.1582134147,non-beacon
192.168.218.218,137.99.116.14,17,526.9778800588235,462652.32042837644,non-beacon
192.168.81.191,225.252.187.246,9,1009.5595991111111,847887.3515761988,non-beacon
192.168.134.208,45.105.154.110,14,523.9703095,161504.34516784054,non-beacon
192.168.84.202,190.89.188.133,5,1207.621449,1334784.8649033713,non-beacon
192.168.100.202,90.5.95.6,12,600.0621693333334,955131.7833219193,non-beacon
192.168.42.245,235.41.86.124,13,722.7534943076923,222941.77641238944,non-beacon
192.168.182.63,224.242.140.208,12,599.8021274166667,430200.6875525636,non-beacon
192.168.253.217,19.49.115.14,8,1207.56611175,157093.84679824088,non-beacon
192.168.218.218,148.19.106.209,8,1175.0909218750003,773542.9505134304,non-beacon
192.168.105.219,121.185.11.198,11,890.0420383636364,568837.6169480204,non-beacon
192.168.103.163,110.158.75.236,14,692.8759433571428,1108131.2524411774,non-beacon
192.168.253.217,177.233.229.20,6,1264.3440923333333,2414053.0927419453,non-beacon
192.168.103.163,145.235.78.233,7,1237.049142,1779790.123115652,non-beacon
192.168.84.202,71.76.177.98,8,529.74560425,334763.42014850915,non-beacon
192.168.103.163,50.75.199.161,12,775.8969608333333,485318.0327441418,non-beacon
192.168.218.218,29.138.228.137,5,1407.3283128,2360443.9139429023,non-beacon
192.168.182.63,2.11.52.169,8,943.9893771249999,628394.3294529088,non-beacon
192.168.253.217,224.242.140.208,7,845.1347662857142,551587.4834238046,non-beacon
192.168.105.219,201.169.9.152,9,1041.4789884444444,1143255.4284216864,non-beacon
192.168.253.217,80.133.223.196,3,2167.6632846666666,527938.245150803,non-beacon
192.168.218.218,185.193.223.154,6,1441.0710445000002,435370.3619582954,non-beacon
192.168.134.208,121.185.11.198,5,1457.3043156,438463.3572535959,non-beacon
192.168.182.63,255.74.138.107,5,1255.0187682,273802.0749728918,non-beacon
192.168.134.208,141.187.39.25,9,1030.1276784444444,518087.1047956898,non-beacon
192.168.84.202,100.230.24.10,5,1632.2277992000002,1902451.5202658256,non-beacon
192.168.182.63,183.73.193.177,2,2345.4944140000002,332944.7972933886,non-beacon
192.168.134.208,217.42.197.223,9,872.186263111111,637821.0760679138,non-beacon
192.168.218.218,113.131.91.37,5,1580.8483238000001,1423272.0006325063,non-beacon
192.168.105.219,225.252.187.246,14,669.9667550714285,438142.518296889,non-beacon
192.168.103.163,193.199.182.196,9,826.3015184444445,529384.7373203048,non-beacon
192.168.84.202,155.17.131.46,5,1926.0464640000002,478974.2030320382,non-beacon
192.168.105.219,38.139.204.159,5,1400.9443614,1137308.6471437768,non-beacon
192.168.182.63,87.55.79.49,11,606.1732202727272,287369.449151411,non-beacon
192.168.81.191,20.178.20.121,5,1070.1758334,601708.633764169,non-beacon
192.168.100.202,255.74.138.107,12,678.6911708333334,327512.35847637465,non-beacon
192.168.105.219,204.140.138.141,5,1203.5470852000003,1724311.2067389376,non-beacon
192.168.103.163,185.193.223.154,9,835.9470268888889,967464.364363329,non-beacon
192.168.253.217,167.74.76.72,8,1193.9045502499998,499681.2784180667,non-beacon
192.168.100.202,100.230.24.10,9,833.2851711111111,456796.3857933583,non-beacon
192.168.105.219,177.233.229.20,4,2429.5721495,1023630.3343738745,non-beacon
192.168.134.208,115.28.69.139,14,590.8510033571429,491546.55636910483,non-beacon
192.168.182.63,86.92.23.137,7,1221.3553799999997,1667502.754001296,non-beacon
192.168.105.219,148.19.106.209,10,686.3659534999999,115276.9984586366,non-beacon
192.168.81.191,171.26.210.212,9,943.5189324444444,872624.4290974492,non-beacon
192.168.105.219,13.4.215.91,6,1130.10303,376576.420409058,non-beacon
192.168.84.202,250.49.159.106,10,830.711903,1019084.4527157184,non-beacon
192.168.105.219,235.76.70.9,10,911.2629547999999,628653.0230462742,non-beacon
192.168.218.218,80.101.198.188,9,1063.6495627777776,986858.0554186018,non-beacon
192.168.42.245,58.50.47.48,8,1126.906196,647907.6861612954,non-beacon
192.168.134.208,9.227.168.107,14,699.8255216428572,245150.15783137505,non-beacon
192.168.218.218,201.169.9.152,12,790.4440102499999,217994.56025469955,non-beacon
192.168.105.219,167.74.76.72,11,659.2061382727272,663415.2274974207,non-beacon
192.168.253.217,201.197.128.181,11,700.9963192727272,267514.7315969191,non-beacon
192.168.42.245,38.139.204.159,15,556.6450518,157787.63523945163,non-beacon
192.168.105.219,225.249.112.56,14,672.0243150714286,297824.90692800365,non-beacon
192.168.134.208,54.97.21.92,17,540.4424602941176,207729.9550196984,non-beacon
192.168.182.63,98.177.110.62,10,869.1886236,460610.8203544867,non-beacon
192.168.218.218,250.49.159.106,8,807.3882865,287016.0257834657,non-beacon
192.168.81.191,35.237.188.72,6,1500.1177996666665,3712970.2064001313,non-beacon
192.168.105.219,171.194.190.12,8,951.5818731250001,327192.75950444496,non-beacon
192.168.81.191,235.41.86.124,13,551.6588313846155,196122.95492131278,non-beacon
192.168.42.245,218.104.100.206,10,941.2783033,388883.1434097116,non-beacon
192.168.253.217,73.93.245.28,12,715.6875068333333,883634.651028377,non-beacon
192.168.218.218,110.158.75.236,10,950.7963401,570398.6917119587,non-beacon
192.168.81.191,37.147.7.92,3,1755.9123413333334,1318834.8220855903,non-beacon
192.168.42.245,201.169.9.152,8,1023.228379,493339.2372779915,non-beacon
192.168.84.202,225.249.112.56,8,1149.5987437500003,531639.6543945422,non-beacon
192.168.100.202,171.194.190.12,9,925.2816774444444,719233.1906271405,non-beacon
192.168.42.245,80.101.198.188,5,1822.8454775999999,1344419.5444284105,non-beacon
192.168.100.202,154.105.107.242,8,1180.17867125,2086997.6111918003,non-beacon
192.168.253.217,255.74.138.107,3,2235.668634,2298490.9521047403,non-beacon
192.168.100.202,115.166.232.26,11,751.8892625454547,412043.10314177367,non-beacon
192.168.103.163,177.158.56.11,9,958.5655503333332,794763.707032862,non-beacon
192.168.182.63,58.50.47.48,5,1686.2216796,856883.9739228217,non-beacon
192.168.103.163,5.181.34.254,14,677.1840703571428,444813.8578847097,non-beacon
192.168.81.191,53.35.146.99,5,1171.9904259999998,1932416.9001220043,non-beacon
192.168.103.163,113.131.91.37,9,744.5432048888888,409510.7125259937,non-beacon
192.168.100.202,53.35.146.99,12,586.58292975,208923.87784103633,non-beacon
192.168.81.191,8.122.17.133,6,1024.283296,311919.9570205753,non-beacon
192.168.134.208,100.230.24.10,9,853.5811238888889,328896.33350278623,non-beacon
192.168.134.208,19.49.115.14,10,749.4610502,329913.05452536384,non-beacon
192.168.134.208,1.34.17.203,10,985.5639202,659417.6666367552,non-beacon
192.168.42.245,113.131.91.37,13,750.5291191538461,300176.6568950262,non-beacon
192.168.105.219,250.49.159.106,9,1068.3021692222221,1774513.4521091701,non-beacon
192.168.100.202,218.104.100.206,9,862.462578,513098.7807211977,non-beacon
192.168.81.191,100.230.24.10,6,862.7719636666667,923552.463805061,non-beacon
192.168.103.163,87.55.79.49,10,931.5801443,403242.32299212104,non-beacon
192.168.218.218,155.240.196.34,9,1021.8776046666667,880533.7682086483,non-beacon
192.168.42.245,185.193.223.154,4,2120.440041,6641000.133012941,non-beacon
192.168.218.218,45.6.49.70,4,1885.261782,2386096.6959984726,non-beacon
192.168.81.191,192.22.178.144,11,781.3194246363636,393427.3316118607,non-beacon
192.168.81.191,126.82.213.187,7,934.3172347142857,250413.17037698362,non-beacon
192.168.100.202,29.92.235.15,9,957.3796204444445,1165609.2432906467,non-beacon
192.168.134.208,154.105.107.242,8,1057.4345141249999,1283214.8402307176,non-beacon
192.168.84.202,105.46.33.138,5,1817.6475810000004,1444558.5311599053,non-beacon
192.168.100.202,193.199.182.196,3,1985.6535356666666,3728720.8772341455,non-beacon
192.168.218.218,100.230.24.10,7,1115.235419,1276318.5908011037,non-beacon
192.168.253.217,217.42.197.223,8,1185.7200065,1401133.7213580534,non-beacon
192.168.218.218,37.147.7.92,5,1049.821327,1207814.8691645279,non-beacon
192.168.81.191,90.5.95.6,15,631.5245683333331,334877.2780186991,non-beacon
192.168.42.245,8.122.17.133,11,868.8630951818182,607383.9283153602,non-beacon
192.168.103.163,118.111.43.25,6,1448.9179608333334,2946531.1353763673,non-beacon
192.168.218.218,235.41.86.124,6,1260.7850081666666,496071.7277588414,non-beacon
192.168.103.163,97.176.244.27,8,1149.9197187500001,1414199.5474126455,non-beacon
192.168.253.217,137.99.116.14,7,1283.0619691428572,919439.4672745715,non-beacon
192.168.81.191,99.218.83.185,3,2921.269438,8834916.924578482,non-beacon
192.168.253.217,190.89.188.133,12,678.6471499999999,500555.29733017087,non-beacon
192.168.218.218,126.82.213.187,14,623.582073642857,249530.8942837953,non-beacon
192.168.103.163,183.73.193.177,9,1030.2179683333334,701566.9764335233,non-beacon
192.168.218.218,2.11.52.169,7,784.3476231428571,552195.6220332484,non-beacon
192.168.84.202,157.247.55.67,8,1162.48689225,621622.8860073542,non-beacon
192.168.182.63,161.252.31.220,9,716.7986111111111,398327.17223644897,non-beacon
192.168.103.163,38.139.204.159,5,1605.2735893999998,4794309.923164278,non-beacon
192.168.81.191,80.101.198.188,10,851.8449713,353651.7288830898,non-beacon
192.168.182.63,218.104.100.206,8,819.8913712500001,252842.73557382333,non-beacon
192.168.84.202,35.237.188.72,9,541.8775035555556,322920.67961461964,non-beacon
192.168.81.191,200.32.242.198,8,1184.009718,1770551.0529296175,non-beacon
192.168.84.202,80.133.223.196,19,492.7540660526317,168943.5190656487,non-beacon
192.168.134.208,126.82.213.187,9,1069.9926297777777,1063476.5543786206,non-beacon
192.168.182.63,110.158.75.236,10,895.5089098000001,420202.32309024315,non-beacon
192.168.182.63,201.197.128.181,7,1101.3977301428572,2743429.6937464396,non-beacon
192.168.84.202,235.41.86.124,13,721.7257352307693,148890.35530463347,non-beacon
192.168.105.219,230.85.238.185,7,1339.8725588571428,1204513.4273499378,non-beacon
192.168.84.202,225.252.187.246,6,1342.3218723333332,1472702.4326869452,non-beacon
192.168.105.219,174.231.203.32,9,1059.9507807777777,938887.3403671227,non-beacon
192.168.84.202,228.86.32.151,7,1209.837785285714,1009430.9859448752,non-beacon
192.168.182.63,225.185.243.136,9,1037.0041937777778,295316.9845009959,non-beacon
192.168.182.63,243.165.50.35,7,1032.2644165714287,573172.6193819081,non-beacon
192.168.182.63,235.98.12.115,7,1150.9760084285715,718759.6100543358,non-beacon
192.168.134.208,174.231.203.32,9,818.2782985555555,698188.6240420126,non-beacon
192.168.81.191,155.39.254.91,13,692.6582933846155,422036.68804919533,non-beacon
192.168.105.219,161.252.31.220,11,804.6777384545454,721635.9198883186,non-beacon
192.168.134.208,88.117.76.47,8,849.7385501249998,3017848.7530012247,non-beacon
192.168.182.63,115.28.69.139,9,770.2021668888889,466978.8268708958,non-beacon
192.168.134.208,95.197.245.212,10,882.0926431,480561.7873682304,non-beacon
192.168.42.245,29.138.228.137,11,845.8436397272727,501049.1697352618,non-beacon
192.168.42.245,192.22.178.144,7,1093.6216185714286,272864.09840943036,non-beacon
192.168.84.202,148.19.106.209,7,798.6741862857143,193735.59670890315,non-beacon
192.168.134.208,110.158.75.236,8,1077.569057125,543937.7210927828,non-beacon
192.168.42.245,204.140.138.141,12,584.06376625,589670.831171977,non-beacon
192.168.42.245,80.133.223.196,6,1450.726911,603780.6712707543,non-beacon
192.168.84.202,69.206.38.24,6,1148.3917253333334,1040692.3764240531,non-beacon
192.168.134.208,224.242.140.208,7,1173.0249544285714,1685907.1397196555,non-beacon
192.168.81.191,45.105.154.110,9,876.7838790000001,505732.61830347445,non-beacon
192.168.182.63,128.155.93.121,16,473.161180625,254292.68529931054,non-beacon
192.168.218.218,110.10.49.22,10,840.2795061,475609.6019856968,non-beacon
192.168.134.208,29.138.228.137,9,946.6930292222221,306761.1700070235,non-beacon
192.168.103.163,154.105.107.242,13,603.8832022307693,283668.46457214025,non-beacon
192.168.103.163,36.174.230.226,10,796.7010289,716934.4737374602,non-beacon
192.168.42.245,87.55.79.49,9,915.5933749999999,642199.8196574758,non-beacon
192.168.42.245,110.158.75.236,10,839.7072382,455004.9147746378,non-beacon
192.168.103.163,141.187.39.25,13,754.2000653076923,423737.3407631337,non-beacon
192.168.100.202,225.249.112.56,9,528.0029247777778,77556.15283536217,non-beacon
192.168.105.219,225.185.243.136,15,617.4578865333334,632994.1157668215,non-beacon
192.168.253.217,2.61.174.204,7,1267.112105,2123192.3496221774,non-beacon
192.168.100.202,99.218.83.185,8,944.2700531249999,699533.0140338086,non-beacon
192.168.182.63,36.174.230.226,9,1106.1942894444444,1052687.0805818704,non-beacon
192.168.253.217,148.19.106.209,8,1074.6622281250002,491409.99017909646,non-beacon
192.168.81.191,137.99.116.14,13,740.5597825384616,688189.1091072663,non-beacon
192.168.218.218,193.199.182.196,8,1113.70027,371682.88747505547,non-beacon
192.168.103.163,9.227.168.107,14,611.1448317142857,673345.013825399,non-beacon
192.168.134.208,225.185.243.136,10,710.8917832000001,167468.25055486438,non-beacon
192.168.84.202,160.175.249.253,8,1082.7950687500002,669307.9090087004,non-beacon
192.168.182.63,115.166.232.26,6,659.2458556666666,424304.05355111574,non-beacon
192.168.134.208,201.169.9.152,3,1320.5667786666666,1617137.8468265485,non-beacon
192.168.253.217,172.195.149.36,10,938.3830983000001,1112900.2479958385,non-beacon
192.168.105.219,124.168.101.162,8,1030.0534363749998,1182897.3455766551,non-beacon
192.168.42.245,105.46.33.138,8,1166.0330139999999,731399.7310645916,non-beacon
192.168.42.245,124.168.101.162,15,629.4700231333334,544885.1069254653,non-beacon
192.168.182.63,154.105.107.242,6,926.3870311666666,816227.7649228555,non-beacon
192.168.105.219,36.174.230.226,10,978.1432398000001,658380.0099163387,non-beacon
192.168.103.163,115.28.69.139,12,788.4076703333335,837882.3388437621,non-beacon
192.168.253.217,243.165.50.35,5,743.7076142000001,959527.6069949653,non-beacon
192.168.182.63,35.237.188.72,11,877.2928559090909,607161.8077824988,non-beacon
192.168.103.163,204.140.138.141,17,549.113797882353,110707.44052198215,non-beacon
192.168.253.217,225.252.187.246,11,767.8810028181819,741119.2172447039,non-beacon
192.168.218.218,218.104.100.206,10,900.2345998000001,433595.51416590094,non-beacon
192.168.84.202,201.197.128.181,13,640.3825014615384,268546.878324838,non-beacon
192.168.42.245,117.95.84.22,13,677.5522799230769,856877.2973780452,non-beacon
192.168.182.63,29.242.128.179,11,594.3815294545456,210763.31356117286,non-beacon
192.168.105.219,95.197.245.212,11,831.649572090909,1159943.8182290983,non-beacon
192.168.105.219,8.122.17.133,8,1098.8748703750002,317869.52027715807,non-beacon
192.168.218.218,161.252.31.220,10,949.0507733000001,597994.0679104801,non-beacon
192.168.100.202,183.73.193.177,8,1039.56333575,353780.8911409301,non-beacon
192.168.42.245,110.10.49.22,15,624.7080294,654586.350475411,non-beacon
192.168.81.191,118.111.43.25,14,666.3361280714286,308944.2650847971,non-beacon
192.168.218.218,225.252.187.246,15,492.32040393333335,408241.1489291046,non-beacon
192.168.182.63,38.139.204.159,10,797.4208374,1099673.7055426952,non-beacon
192.168.84.202,200.32.242.198,5,1273.163652,2142785.153092499,non-beacon
192.168.84.202,235.98.12.115,7,1091.5802882857142,249874.3344177808,non-beacon
192.168.218.218,80.133.223.196,13,594.4404724615385,296579.10603808693,non-beacon
192.168.105.219,192.22.178.144,8,999.5997038749999,640540.5307426711,non-beacon
192.168.84.202,174.231.203.32,4,1252.0585592500001,896661.423508239,non-beacon
192.168.218.218,73.93.245.28,6,1397.8432806666667,1003038.1931153,non-beacon
192.168.218.218,45.105.154.110,7,1049.4249948571428,725223.082990825,non-beacon
192.168.134.208,90.5.95.6,11,807.0359647272727,400523.0768667955,non-beacon
192.168.100.202,105.46.33.138,8,1053.8624280000001,410891.34383076837,non-beacon
192.168.105.219,19.49.115.14,14,592.3456752857144,299410.21563788207,non-beacon
192.168.81.191,228.86.32.151,15,519.1492289333333,271302.1479280154,non-beacon
192.168.253.217,80.101.198.188,7,1136.0699728571428,1176284.0654385306,non-beacon
192.168.134.208,230.85.238.185,8,1088.56144,786920.3548641901,non-beacon
192.168.84.202,110.10.49.22,7,915.9400821428571,586798.5065927523,non-beacon
192.168.100.202,86.92.23.137,9,841.3146228888888,1329057.9548035273,non-beacon
192.168.42.245,154.105.107.242,6,1018.3649184999999,633331.7667010764,non-beacon
192.168.253.217,192.22.178.144,7,1044.1764937142857,489278.0856752037,non-beacon
192.168.84.202,117.95.84.22,6,1211.1804856666665,1241208.7291350937,non-beacon
192.168.182.63,141.75.44.180,8,950.2662181249999,776747.0620487675,non-beacon
192.168.134.208,171.194.190.12,8,1202.5268175,1620205.4503563326,non-beacon
192.168.105.219,110.10.49.22,9,1040.477288111111,620568.0882374202,non-beacon
192.168.42.245,183.73.193.177,6,1219.766198,823289.0068049735,non-beacon
192.168.182.63,113.131.91.37,12,610.236408,280736.95873058203,non-beacon
192.168.105.219,54.97.21.92,5,1581.9123934000002,4659409.154594655,non-beacon
192.168.105.219,150.124.191.87,8,1095.710405125,1450939.6958640204,non-beacon
192.168.182.63,158.253.4.121,7,1096.0648047142856,1294922.8087340456,non-beacon
192.168.84.202,36.174.230.226,9,907.6438086666666,1053750.96262772,non-beacon
192.168.84.202,88.117.76.47,6,776.7377535,408703.67431944027,non-beacon
192.168.42.245,97.176.244.27,10,717.3567502,661034.6703714776,non-beacon
192.168.81.191,224.242.140.208,7,971.207377142857,456525.28590325307,non-beacon
192.168.81.191,6.102.16.230,10,895.5852517999999,1894981.0333137135,non-beacon
192.168.42.245,171.26.210.212,17,554.336455117647,181942.92556888214,non-beacon
192.168.134.208,87.55.79.49,12,737.4723368333333,374296.7883625215,non-beacon
192.168.100.202,161.252.31.220,11,603.6239557272728,131719.0908233676,non-beacon
192.168.105.219,228.86.32.151,12,625.42835975,657801.9934456153,non-beacon
192.168.42.245,172.195.149.36,10,987.5592454,747477.0046345788,non-beacon
192.168.42.245,2.11.52.169,6,1085.1131531666667,796269.0445250436,non-beacon
192.168.84.202,230.85.238.185,5,1334.3293438,1095112.8484937467,non-beacon
192.168.84.202,58.50.47.48,5,1028.492604,479432.9475140427,non-beacon
192.168.81.191,115.28.69.139,9,876.6489247777777,480524.38735626213,non-beacon
192.168.134.208,192.22.178.144,9,814.4398457777778,588981.7897978416,non-beacon
192.168.218.218,251.107.70.158,7,1358.4971085714283,544262.57432664,non-beacon
192.168.253.217,225.249.112.56,13,742.785041,348266.98586260766,non-beacon
192.168.134.208,204.140.138.141,3,1548.6812623333335,936144.7848520583,non-beacon
192.168.100.202,17.178.0.1,10,765.4889002,421025.69952065067,non-beacon
192.168.134.208,2.11.52.169,8,1004.17340475,731741.7356359817,non-beacon
192.168.253.217,8.122.17.133,11,749.7937447272726,159694.64092161553,non-beacon
192.168.42.245,145.235.78.233,6,921.4105894999999,317603.07627073623,non-beacon
192.168.100.202,73.93.245.28,13,629.0642439230769,299073.0718958511,non-beacon
192.168.103.163,58.50.47.48,11,770.8020797272728,381934.2221553469,non-beacon
192.168.100.202,36.174.230.226,23,423.1416259130434,223345.65674586126,non-beacon
192.168.100.202,98.177.110.62,10,981.9129169000001,335962.4268197535,non-beacon
192.168.81.191,157.247.55.67,11,735.8602593636365,368194.09322372364,non-beacon
192.168.42.245,174.231.203.32,9,924.93257,583147.6923144092,non-beacon
192.168.103.163,235.41.86.124,20,487.80195459999993,332954.46044818155,non-beacon
192.168.105.219,141.187.39.25,10,878.3907616,605061.3632448508,non-beacon
192.168.103.163,126.82.213.187,7,1026.6618981428571,657003.9680177148,non-beacon
192.168.182.63,2.61.174.204,6,1381.2516219999998,337866.3265203301,non-beacon
192.168.100.202,128.155.93.121,6,1246.2513456666666,1338563.8252223716,non-beacon
192.168.253.217,155.240.196.34,8,941.9040990000001,266763.77009164885,non-beacon
192.168.100.202,97.176.244.27,9,1095.6921021111111,1256602.66514051,non-beacon
192.168.100.202,87.55.79.49,9,978.5464431111112,842957.6726503035,non-beacon
192.168.103.163,88.117.76.47,10,778.7012847000001,686102.9445233044,non-beacon
192.168.84.202,37.147.7.92,7,1359.4827195714283,590306.1999250537,non-beacon
192.168.134.208,255.74.138.107,6,830.839877,220588.1259316257,non-beacon
192.168.134.208,38.139.204.159,10,774.3575985,311775.23563487956,non-beacon
192.168.100.202,200.32.242.198,7,873.6420162857145,2147607.584390806,non-beacon
192.168.253.217,183.73.193.177,11,773.245731909091,228588.54026707486,non-beacon
192.168.42.245,17.178.0.1,14,666.2139971428571,414500.5651662593,non-beacon
192.168.42.245,53.35.146.99,7,1143.469841,739949.5699789843,non-beacon
192.168.103.163,117.95.84.22,8,895.45734125,1092265.9056612088,non-beacon
192.168.84.202,26.6.72.28,10,915.8185469,1167614.5484044098,non-beacon
192.168.100.202,235.98.12.115,10,754.8017434000001,359663.1966615574,non-beacon
192.168.42.245,251.107.70.158,9,744.1720234444444,331906.3486652535,non-beacon
192.168.81.191,110.10.49.22,11,780.4908189999999,544443.419605602,non-beacon
192.168.84.202,53.35.146.99,7,1297.0308525714286,4537164.464274654,non-beacon
192.168.253.217,45.6.49.70,8,1021.5961347499999,602821.2033673842,non-beacon
192.168.134.208,73.93.245.28,10,984.0498924000001,243804.5082122322,non-beacon
192.168.218.218,8.122.17.133,11,389.1042845454545,48403.276352585366,non-beacon
192.168.218.218,88.117.76.47,16,606.162134125,243977.96704440526,non-beacon
192.168.100.202,26.6.72.28,8,1073.514163375,1093309.304883593,non-beacon
192.168.100.202,201.197.128.181,5,1583.7672034,1398846.2212898242,non-beacon
192.168.105.219,218.104.100.206,11,859.0636153636362,1164589.9899897508,non-beacon
192.168.182.63,235.41.86.124,12,790.9297317499999,302011.3167440703,non-beacon
192.168.42.245,71.76.177.98,6,1462.9454046666667,1050767.288647846,non-beacon
192.168.182.63,225.252.187.246,13,634.7646865384614,90786.02349878201,non-beacon
192.168.105.219,158.253.4.121,8,1147.334890875,335356.4641811606,non-beacon
192.168.218.218,95.197.245.212,8,1053.234437875,552572.7562325794,non-beacon
192.168.84.202,177.158.56.11,10,797.4127775,329835.3668114821,non-beacon
192.168.103.163,105.29.25.45,8,993.089071625,477210.6874072368,non-beacon
192.168.81.191,250.49.159.106,11,696.2005163636363,787328.7638391514,non-beacon
192.168.81.191,225.185.243.136,9,845.6069486666667,447213.9817220259,non-beacon
192.168.103.163,124.168.101.162,11,754.9441974545454,268747.79650023376,non-beacon
192.168.42.245,90.5.95.6,7,866.2802317142857,503173.45869064186,non-beacon
192.168.182.63,185.193.223.154,7,1223.5249862857142,633661.8344278022,non-beacon
192.168.134.208,13.4.215.91,9,957.9322818888891,669789.7793691247,non-beacon
192.168.100.202,71.76.177.98,14,698.7458760714284,570076.2655739384,non-beacon
192.168.42.245,250.49.159.106,4,1467.3208995000002,443149.4268674274,non-beacon
192.168.253.217,115.166.232.26,12,697.5914029166667,249529.12268873095,non-beacon
192.168.134.208,155.240.196.34,4,2247.218192,1227483.0975856981,non-beacon
192.168.84.202,204.140.138.141,8,1174.950651375,701851.2021039655,non-beacon
192.168.253.217,185.193.223.154,17,555.5349279411764,288172.5433774752,non-beacon
192.168.105.219,235.98.12.115,13,620.1941023076923,349342.3729761299,non-beacon
192.168.42.245,2.61.174.204,4,2018.66304025,895003.2800019961,non-beacon
192.168.103.163,2.11.52.169,8,1071.578787375,365652.4007723632,non-beacon
192.168.218.218,154.105.107.242,14,582.3162635714285,445830.3114190396,non-beacon
192.168.42.245,115.28.69.139,8,729.98061175,206112.8191931251,non-beacon
192.168.42.245,225.185.243.136,10,939.0804108,2706913.1834928994,non-beacon
192.168.105.219,74.152.2.41,10,922.5430297999999,785300.0202048846,non-beacon
192.168.134.208,250.49.159.106,9,1012.2316737777777,634560.4124439838,non-beacon
192.168.42.245,177.158.56.11,8,715.405177625,488052.58660084946,non-beacon
192.168.103.163,160.175.249.253,6,1529.2421121666666,1069214.8946729861,non-beacon
192.168.253.217,157.247.55.67,10,565.9392083,395537.29516463366,non-beacon
192.168.134.208,225.252.187.246,9,726.9651815555555,445830.518986304,non-beacon
192.168.182.63,137.99.116.14,4,2120.4755705,2845561.288480803,non-beacon
192.168.182.63,193.199.182.196,12,663.2560108333332,167348.3717802032,non-beacon
192.168.103.163,150.124.191.87,7,1147.1048155714286,753526.6285854179,non-beacon
192.168.100.202,80.101.198.188,5,1293.0338544,795689.7177848534,non-beacon
192.168.182.63,50.75.199.161,13,649.5267266153846,641112.4974922773,non-beacon
192.168.84.202,128.155.93.121,10,750.3646044,425107.47664531355,non-beacon
192.168.103.163,225.249.112.56,5,638.8863502,195849.18548183417,non-beacon
192.168.81.191,128.155.93.121,8,1051.4800263749999,261841.00556628313,non-beacon
192.168.81.191,87.55.79.49,5,1478.8753124,1615181.10738049,non-beacon
192.168.103.163,171.194.190.12,11,861.5455770909092,392947.07425334177,non-beacon
192.168.103.163,161.252.31.220,6,900.0108121666667,620493.76348979,non-beacon
192.168.42.245,225.252.187.246,10,950.871681,308149.4283247846,non-beacon
192.168.253.217,118.111.43.25,8,989.102513,478179.03401923104,non-beacon
192.168.105.219,80.133.223.196,6,1366.7363703333333,1092449.2756193134,non-beacon
192.168.81.191,19.49.115.14,6,1132.8932326666666,371309.34676996106,non-beacon
192.168.81.191,235.98.12.115,4,857.73527125,413493.42465242546,non-beacon
192.168.81.191,235.76.70.9,13,611.5469404615385,630926.5088163477,non-beacon
192.168.42.245,155.39.254.91,11,855.9991426363636,155102.6877602704,non-beacon
192.168.218.218,228.86.32.151,7,884.2629772857142,564330.7770412855,non-beacon
192.168.100.202,69.206.38.24,3,2980.1607076666664,9062092.613564467,non-beacon
192.168.84.202,137.99.116.14,4,1730.2673335000004,3069196.5901288567,non-beacon
192.168.134.208,145.235.78.233,8,1009.3878025000001,881068.6846104915,non-beacon
192.168.84.202,141.187.39.25,19,485.91325778947373,214148.85134959387,non-beacon
192.168.100.202,177.233.229.20,12,715.5303874166666,270083.24537775153,non-beacon
192.168.105.219,58.50.47.48,10,788.0591706,425342.30866474734,non-beacon
192.168.84.202,155.39.254.91,11,870.329841,985207.919736809,non-beacon
192.168.81.191,155.240.196.34,8,691.2800577500001,70229.03954072988,non-beacon
192.168.81.191,150.124.191.87,9,934.3384368888887,273919.62705024815,non-beacon
192.168.253.217,235.41.86.124,7,1106.0893878571428,2211557.5100742974,non-beacon
192.168.134.208,172.195.149.36,9,964.5949571111111,963339.0534193665,non-beacon
192.168.105.219,255.74.138.107,10,823.8463539999999,998352.3615195422,non-beacon
192.168.103.163,228.86.32.151,8,1208.8003812499999,815730.4861236532,non-beacon
192.168.42.245,141.187.39.25,10,738.5077148,1154810.966417538,non-beacon
192.168.42.245,235.98.12.115,10,530.9078860000001,125360.21315678631,non-beacon
192.168.81.191,36.174.230.226,18,477.4194868333334,237418.42363796668,non-beacon
192.168.182.63,200.32.242.198,8,1088.524066375,436949.01084529684,non-beacon
192.168.134.208,50.75.199.161,15,626.1503057333334,363084.42579517997,non-beacon
192.168.182.63,204.140.138.141,11,719.4564387272727,293070.0870120096,non-beacon
192.168.218.218,171.194.190.12,8,950.992235625,1513611.7787743057,non-beacon
192.168.182.63,192.22.178.144,6,1363.627391,1568765.6707909033,non-beacon
192.168.103.163,100.230.24.10,5,1417.6251453999998,548115.4579695029,non-beacon
192.168.81.191,160.175.249.253,6,1111.4550946666666,1189064.8226346348,non-beacon
192.168.182.63,19.49.115.14,15,555.1230164666667,205278.17759749235,non-beacon
192.168.218.218,192.22.178.144,7,1151.2522699999997,793843.8302238157,non-beacon
192.168.81.191,127.254.163.108,10,709.4479712,461536.2851175248,non-beacon
192.168.105.219,145.235.78.233,10,604.4592358,289294.61140230705,non-beacon
192.168.84.202,141.75.44.180,10,995.073443,3117735.7454380677,non-beacon
192.168.253.217,2.11.52.169,8,884.5745931250001,857944.3507514425,non-beacon
192.168.105.219,105.46.33.138,11,709.1548123636363,92826.36379944991,non-beacon
192.168.84.202,97.176.244.27,4,1604.53643125,3511794.6116818567,non-beacon
192.168.134.208,58.50.47.48,10,853.1428202999999,661682.4841277979,non-beacon
192.168.42.245,36.174.230.226,7,1287.4796312857143,374564.00464573933,non-beacon
192.168.218.218,121.185.11.198,10,815.4787,358518.6382442018,non-beacon
192.168.218.218,255.74.138.107,9,1073.0091398888887,447413.9022585882,non-beacon
192.168.182.63,100.230.24.10,12,713.8370765833333,898230.3279039524,non-beacon
192.168.100.202,155.17.131.46,11,775.1733836363637,646761.3893682602,non-beacon
192.168.253.217,251.107.70.158,17,532.8220989411765,432488.05259528157,non-beacon
192.168.105.219,172.195.149.36,10,883.6492326,1244118.4718755488,non-beacon
192.168.84.202,218.104.100.206,8,755.9366150000001,643945.4822728006,non-beacon
192.168.81.191,2.61.174.204,10,562.7681423,314156.1215205811,non-beacon
192.168.42.245,225.249.112.56,7,1235.8655072857146,1542909.505091225,non-beacon
192.168.100.202,95.197.245.212,6,1419.1371728333334,1257289.9939216778,non-beacon
192.168.84.202,87.55.79.49,6,932.7064610000001,315480.0169355064,non-beacon
192.168.103.163,127.254.163.108,9,587.0480072222222,504534.2648603742,non-beacon
192.168.42.245,29.92.235.15,5,1790.4583601999998,2116393.1297171125,non-beacon
192.168.103.163,80.101.198.188,13,596.8875543846154,332198.70820615476,non-beacon
192.168.42.245,20.178.20.121,12,753.8811667499999,322920.3939908707,non-beacon
192.168.105.219,26.6.72.28,7,1302.4419248571428,469242.86392889766,non-beacon
192.168.182.63,230.85.238.185,6,750.8356565,212877.40098339875,non-beacon
192.168.81.191,177.233.229.20,9,727.7168516666666,797324.8761561279,non-beacon
192.168.182.63,228.86.32.151,11,883.9003335454546,1187786.0646575375,non-beacon
192.168.182.63,157.247.55.67,9,1039.5332916666669,634658.8848863053,non-beacon
192.168.81.191,177.158.56.11,14,612.2250668571427,324842.17033803434,non-beacon
192.168.218.218,200.32.242.198,12,823.249824,1232433.7168055067,non-beacon
192.168.105.219,20.178.20.121,8,809.763197375,544449.9038570978,non-beacon
192.168.218.218,155.17.131.46,8,849.803838375,766642.0864762233,non-beacon
192.168.103.163,141.75.44.180,6,914.4044891666666,505406.80152584566,non-beacon
192.168.134.208,99.218.83.185,10,741.3536298,208118.85524032844,non-beacon
192.168.103.163,157.247.55.67,6,1120.6022946666667,525894.5752950992,non-beacon
192.168.253.217,201.169.9.152,6,998.9996126666668,668833.6105379718,non-beacon
192.168.84.202,5.181.34.254,15,662.9721484666667,384709.28102820046,non-beacon
192.168.134.208,177.233.229.20,12,667.3125751666666,303476.46130619413,non-beacon
192.168.253.217,124.168.101.162,2,4548.882793500001,542680.0479412621,non-beacon
192.168.218.218,29.242.128.179,5,1540.0422635999998,535520.290219909,non-beacon
192.168.182.63,53.35.146.99,10,792.7900588,524637.3439538865,non-beacon
192.168.182.63,127.254.163.108,15,630.8297044666667,321577.41289698,non-beacon
192.168.42.245,37.147.7.92,12,801.8119473333333,635318.503097095,non-beacon
192.168.253.217,90.5.95.6,10,868.4193006000002,240776.32851869994,non-beacon
192.168.84.202,73.93.245.28,8,926.8802800000001,1004718.2572393734,non-beacon
192.168.42.245,29.242.128.179,5,1928.9810944,691096.9408148031,non-beacon
192.168.134.208,45.6.49.70,7,982.9776167142857,809739.9218694143,non-beacon
192.168.42.245,201.197.128.181,8,857.60630175,817886.1581432439,non-beacon
192.168.134.208,2.61.174.204,5,1111.1553832,490733.8833778262,non-beacon
192.168.42.245,177.233.229.20,8,1113.879563625,1150708.673848988,non-beacon
192.168.182.63,105.46.33.138,7,1055.5555874285715,696652.757412843,non-beacon
192.168.42.245,45.6.49.70,13,689.0680167692307,336392.6075627469,non-beacon
192.168.253.217,20.178.20.121,9,856.5753812222221,470477.85547531716,non-beacon
192.168.105.219,128.155.93.121,5,1398.2349692,958542.6243266352,non-beacon
192.168.103.163,45.6.49.70,11,871.4706559090909,932315.3391500316,non-beacon
192.168.182.63,29.92.235.15,16,491.809763875,108728.94228500893,non-beacon
192.168.134.208,115.166.232.26,15,495.56625966666667,150404.78831922603,non-beacon
192.168.100.202,192.22.178.144,14,615.1049324285715,265065.33440648706,non-beacon
192.168.42.245,26.6.72.28,10,909.7117205999999,337455.887843224,non-beacon
192.168.182.63,97.176.244.27,5,1108.5642242,351887.5627896412,non-beacon
192.168.218.218,99.218.83.185,8,852.688226625,565410.7808475419,non-beacon
192.168.253.217,86.33.209.185,11,819.3802363636364,483307.3289520251,non-beacon
192.168.103.163,8.122.17.133,6,1182.3959821666665,924793.8646625647,non-beacon
192.168.218.218,98.177.110.62,7,1083.384748857143,1116842.999855775,non-beacon
192.168.81.191,148.19.106.209,8,831.9946301250001,593240.6131874672,non-beacon
192.168.100.202,235.76.70.9,10,956.1528695999999,415225.9140010799,non-beacon
192.168.42.245,160.175.249.253,7,1155.313228,1264186.4655535375,non-beacon
192.168.182.63,160.175.249.253,10,898.9575070999999,958202.8444614423,non-beacon
192.168.42.245,5.181.34.254,6,1578.6442993333333,809604.0048527409,non-beacon
192.168.42.245,157.247.55.67,7,995.530229,448204.80101844843,non-beacon
192.168.182.63,121.185.11.198,3,492.16187833333333,123774.13112187096,non-beacon
192.168.84.202,217.42.197.223,10,963.7256943,435123.45443512296,non-beacon
192.168.134.208,97.176.244.27,11,715.9754173636363,552666.626676935,non-beacon
192.168.134.208,8.122.17.133,5,1616.3259990000001,1260912.6475916833,non-beacon
192.168.81.191,45.6.49.70,5,1515.5834808,1904263.1965690553,non-beacon
192.168.253.217,95.197.245.212,6,1100.2796265,1490682.0531031515,non-beacon
192.168.81.191,110.158.75.236,13,631.8605623076924,816983.4265540702,non-beacon
192.168.105.219,37.147.7.92,6,1279.3113703333331,2026694.2954321618,non-beacon
192.168.105.219,105.29.25.45,1,1201.3574850000005,0.0,non-beacon
192.168.42.245,50.75.199.161,10,895.5516286999998,224605.30053477464,non-beacon
192.168.100.202,38.139.204.159,13,362.60069846153846,151284.6647664085,non-beacon
192.168.81.191,154.105.107.242,11,833.1611369999999,367480.9364706505,non-beacon
192.168.253.217,127.254.163.108,7,738.2702177142856,263543.2614490196,non-beacon
192.168.253.217,58.50.47.48,9,811.1852458888889,593805.9720267892,non-beacon
192.168.84.202,185.193.223.154,12,782.6800363333333,977367.263279057,non-beacon
192.168.134.208,228.86.32.151,7,1209.9613735714286,1153476.6453520178,non-beacon
192.168.105.219,110.158.75.236,7,1323.081584857143,3024247.184781347,non-beacon
192.168.182.63,6.102.16.230,13,576.9573938461538,247387.6181793874,non-beacon
192.168.103.163,155.17.131.46,12,733.0441008333333,766222.7443690185,non-beacon
192.168.103.163,192.22.178.144,12,711.3833572500001,226928.9074397556,non-beacon
192.168.182.63,174.231.203.32,11,785.8061140000001,443854.2882810611,non-beacon
192.168.218.218,90.5.95.6,4,1710.1762382499996,4743808.433261305,non-beacon
192.168.182.63,45.105.154.110,9,838.1321274444443,537170.4314601129,non-beacon
192.168.182.63,20.178.20.121,4,681.5878334999998,78371.71519967025,non-beacon
192.168.42.245,19.49.115.14,6,1597.561681,1932086.9299892753,non-beacon
192.168.134.208,161.252.31.220,10,890.4587545999999,622361.7862833544,non-beacon
192.168.218.218,174.231.203.32,7,1259.534354,802761.7623232818,non-beacon
192.168.218.218,38.139.204.159,13,736.1059536153845,206125.11409387478,non-beacon
192.168.182.63,74.152.2.41,8,782.6771463750001,479748.4760756934,non-beacon
192.168.105.219,45.6.49.70,9,892.7825711111112,1084421.4990754402,non-beacon
192.168.42.245,86.33.209.185,10,799.7062682999999,165881.6715445039,non-beacon
192.168.42.245,128.155.93.121,8,858.547879,450894.5292756774,non-beacon
192.168.182.63,117.95.84.22,6,1341.5426714999999,1640302.7248059253,non-beacon
192.168.105.219,193.199.182.196,18,491.6042502222222,191087.3749556515,non-beacon
192.168.42.245,200.32.242.198,1,3545.772876,0.0,non-beacon
192.168.84.202,145.235.78.233,7,796.946176,598196.5088458306,non-beacon
192.168.84.202,90.5.95.6,10,573.6105359000001,245911.95815477503,non-beacon
192.168.84.202,29.92.235.15,14,628.8621933571429,327557.78921735316,non-beacon
192.168.42.245,224.242.140.208,8,1089.139681625,2882549.252998366,non-beacon
192.168.105.219,29.138.228.137,7,1330.6553414285713,964344.7013765678,non-beacon
192.168.103.163,190.89.188.133,4,1520.3359472500001,880429.4151191008,non-beacon
192.168.182.63,150.124.191.87,9,901.9995796666667,728503.6716643396,non-beacon
192.168.103.163,137.99.116.14,8,936.4170685000001,253358.39099644613,non-beacon
192.168.182.63,251.107.70.158,11,859.8772277272728,391996.0349191138,non-beacon
192.168.100.202,250.49.159.106,13,666.197488,503753.7444301912,non-beacon
192.168.253.217,235.98.12.115,10,734.9277496,433306.6909497002,non-beacon
192.168.84.202,121.185.11.198,14,640.8521425714287,271959.68383300485,non-beacon
192.168.100.202,45.6.49.70,4,1277.1657667499999,266973.6105646706,non-beacon
192.168.100.202,58.50.47.48,7,913.4530041428571,685771.1970892439,non-beacon
192.168.134.208,235.76.70.9,7,1170.939438857143,870796.0930677813,non-beacon
192.168.81.191,204.140.138.141,10,732.4530211,199335.1483540178,non-beacon
192.168.42.245,54.97.21.92,13,745.7486096923077,310297.05727501184,non-beacon
192.168.42.245,167.74.76.72,4,1617.1341275000002,1580655.501238362,non-beacon
192.168.105.219,5.181.34.254,6,1490.9456826666665,1996887.371975979,non-beacon
192.168.42.245,86.92.23.137,9,813.5217047777778,188734.50729364844,non-beacon
192.168.81.191,105.46.33.138,12,691.3902140833334,171574.09440012393,non-beacon
192.168.182.63,124.168.101.162,14,537.8516513571428,240366.1435516838,non-beacon
192.168.103.163,26.6.72.28,12,808.8247090833332,528208.2321230338,non-beacon
192.168.253.217,98.177.110.62,4,2321.7270047500006,3230905.6651148926,non-beacon
192.168.42.245,13.4.215.91,13,737.4604243076924,499276.16761255515,non-beacon
192.168.105.219,201.197.128.181,4,1586.40764575,1835911.5583599224,non-beacon
192.168.42.245,148.19.106.209,6,1335.3742224999999,5085049.812453994,non-beacon
192.168.100.202,157.247.55.67,10,988.1835971,505959.5189373305,non-beacon
192.168.253.217,155.39.254.91,9,932.8823781111112,1218524.699712712,non-beacon
192.168.182.63,29.138.228.137,9,1000.112326111111,878374.4496346465,non-beacon
192.168.42.245,74.152.2.41,7,1391.9782044285714,3956612.4413049645,non-beacon
192.168.81.191,113.131.91.37,6,1172.4309248333332,1144562.7348511545,non-beacon
192.168.253.217,36.174.230.226,9,853.6041943333332,252720.7624497543,non-beacon
192.168.84.202,50.75.199.161,13,532.4517412307691,216819.94282940275,non-beacon
192.168.84.202,2.61.174.204,12,612.103715,242011.1793975887,non-beacon
192.168.134.208,80.101.198.188,4,2379.01545025,2033505.827536931,non-beacon
192.168.182.63,99.218.83.185,14,643.4972331428572,526619.2281810296,non-beacon
192.168.42.245,137.99.116.14,9,957.1642638888887,1028828.7049607171,non-beacon
192.168.218.218,9.227.168.107,10,927.7658501999998,473123.1928545855,non-beacon
192.168.100.202,8.122.17.133,7,1275.5153638571428,912711.6350926993,non-beacon
192.168.134.208,110.10.49.22,8,1072.079359125,913543.0948285856,non-beacon
192.168.218.218,171.26.210.212,10,975.7679494,855012.0689989831,non-beacon
192.168.134.208,177.158.56.11,11,711.3632172727274,396248.00056907535,non-beacon
192.168.84.202,99.218.83.185,12,705.7105535000001,474250.02883177274,non-beacon
192.168.100.202,118.111.43.25,12,695.7780391666665,309720.61606490874,non-beacon
192.168.103.163,255.74.138.107,5,1808.9137457999998,924960.3868853601,non-beacon
192.168.84.202,1.34.17.203,14,652.0088275,712214.9377806094,non-beacon
192.168.218.218,54.97.21.92,5,1346.462424,2220166.3560143253,non-beacon
192.168.100.202,171.26.210.212,6,1169.2839971666667,390814.1962288969,non-beacon
192.168.253.217,150.124.191.87,5,1516.7235672000002,1470717.1048471108,non-beacon
192.168.218.218,5.181.34.254,8,809.6814607499999,462080.47307428456,non-beacon
192.168.42.245,73.93.245.28,10,736.1083265,293252.4934313138,non-beacon
192.168.182.63,1.34.17.203,8,1168.4032341250002,816934.0599207097,non-beacon
192.168.100.202,155.240.196.34,15,551.3629136,157042.42820089124,non-beacon
192.168.182.63,145.235.78.233,5,1934.1955356000003,778477.0680936679,non-beacon
192.168.134.208,127.254.163.108,10,816.5150634,739894.8664401153,non-beacon
192.168.105.219,155.240.196.34,10,855.8294271999999,1285912.8597509637,non-beacon
192.168.100.202,13.4.215.91,3,2164.1320183333332,2141474.203447767,non-beacon
192.168.253.217,141.187.39.25,10,829.1909852000001,505960.7401197103,non-beacon
192.168.105.219,100.230.24.10,6,1562.6544433333336,1485219.8502304507,non-beacon
192.168.218.218,224.242.140.208,11,784.427215,970181.4386093474,non-beacon
192.168.253.217,171.26.210.212,10,684.1515406000001,169751.57441111497,non-beacon
192.168.182.63,126.82.213.187,5,1381.2094502,1056922.2288300316,non-beacon
192.168.42.245,235.76.70.9,8,983.469058625,902942.6773657699,non-beacon
192.168.84.202,225.185.243.136,5,1497.3640025999998,743244.9952286966,non-beacon
192.168.84.202,171.26.210.212,8,1106.4059229999998,351707.16782358557,non-beacon
192.168.103.163,235.98.12.115,6,1455.5462128333331,2919281.881927464,non-beacon
192.168.42.245,35.237.188.72,8,969.8507137500001,741637.8239779761,non-beacon
192.168.134.208,157.247.55.67,6,1245.4391724999998,1984678.3182049196,non-beacon
192.168.134.208,98.177.110.62,8,829.117310125,813245.4896330705,non-beacon
192.168.81.191,74.152.2.41,5,1926.3041938000001,2929264.0695938747,non-beacon
192.168.103.163,155.240.196.34,3,1935.1561233333332,86681.50435111398,non-beacon
192.168.105.219,53.35.146.99,5,1076.025039,424070.46041631437,non-beacon
192.168.100.202,80.133.223.196,3,2084.044160666667,1450165.5698416585,non-beacon
192.168.81.191,145.235.78.233,7,722.2048372857142,455316.31255137746,non-beacon
192.168.253.217,171.194.190.12,11,864.5264346363637,141825.62376995257,non-beacon
192.168.134.208,37.147.7.92,13,558.0363791538462,264518.41617717344,non-beacon
192.168.218.218,86.33.209.185,8,1041.679732125,272475.13786131906,non-beacon
192.168.81.191,86.92.23.137,7,1197.1941702857143,630855.4620757503,non-beacon
192.168.182.63,88.117.76.47,13,691.4152951538462,167057.17826533553,non-beacon
192.168.218.218,177.233.229.20,5,1198.6186062,222039.9777861152,non-beacon
192.168.81.191,97.176.244.27,11,787.7447204545454,233486.98057057566,non-beacon
192.168.81.191,105.29.25.45,3,2428.8646676666667,6598694.9490969675,non-beacon
192.168.105.219,243.165.50.35,8,1137.2667175,769471.3188439918,non-beacon
192.168.134.208,71.76.177.98,5,1612.4810732,1057027.6423497996,non-beacon
192.168.103.163,115.166.232.26,10,888.0954718999999,547592.902981742,non-beacon
192.168.182.63,110.10.49.22,7,1194.428724142857,1647586.297689648,non-beacon
192.168.182.63,73.93.245.28,12,720.4361709166668,789661.8636790937,non-beacon
192.168.218.218,20.178.20.121,8,1190.55626725,720265.7323590766,non-beacon
192.168.103.163,86.33.209.185,12,618.85846875,151127.65631978234,non-beacon
192.168.84.202,45.6.49.70,8,1034.91121875,734131.1527273938,non-beacon
192.168.100.202,158.253.4.121,7,977.893081,869628.016875035,non-beacon
192.168.81.191,29.92.235.15,11,733.6192662727271,418963.82990281493,non-beacon
192.168.42.245,6.102.16.230,10,788.3300723,786485.6445512378,non-beacon
192.168.182.63,217.42.197.223,6,1248.5032143333333,839375.2631451151,non-beacon
192.168.100.202,20.178.20.121,3,3000.9988666666663,2409333.7581247413,non-beacon
192.168.253.217,45.105.154.110,10,938.3772009,1270994.5566916042,non-beacon
192.168.84.202,95.197.245.212,5,1102.5500526,349252.6107453869,non-beacon
192.168.182.63,141.187.39.25,10,676.2570991,185628.95361548872,non-beacon
192.168.253.217,100.230.24.10,9,685.9191117777777,518530.0865461946,non-beacon
192.168.182.63,90.5.95.6,7,881.7491077142857,182886.33429920528,non-beacon
192.168.100.202,126.82.213.187,9,1025.8625125555557,228548.04657572915,non-beacon
192.168.253.217,86.92.23.137,13,730.5450622307692,254756.04415820664,non-beacon
192.168.105.219,2.61.174.204,5,1775.6821079999997,4584194.304685231,non-beacon
192.168.81.191,26.6.72.28,8,1141.236300125,909890.4363441177,non-beacon
192.168.253.217,105.46.33.138,11,590.5868587272727,106684.442067735,non-beacon
192.168.84.202,13.4.215.91,5,1476.8641852,204088.18327468442,non-beacon
192.168.253.217,145.235.78.233,11,677.0775307272727,432437.1315480175,non-beacon
192.168.42.245,243.165.50.35,8,881.778908375,995073.7235206383,non-beacon
192.168.253.217,200.32.242.198,8,1043.8268483750003,618105.5300760142,non-beacon
192.168.81.191,185.193.223.154,6,1295.581755,1500529.339620224,non-beacon
192.168.100.202,29.242.128.179,9,943.4801852222222,589264.5388199582,non-beacon
192.168.218.218,158.253.4.121,2,3253.8196735,204979.66264650598,non-beacon
192.168.81.191,230.85.238.185,10,934.3553856000001,964451.9076384535,non-beacon
192.168.100.202,54.97.21.92,17,498.64457105882366,184237.08224058364,non-beacon
192.168.42.245,171.194.190.12,17,568.9592972352941,265140.6421895157,non-beacon
192.168.253.217,117.95.84.22,3,1172.7526616666667,447978.9778850097,non-beacon
192.168.182.63,172.195.149.36,11,724.5822645454546,227469.92692725162,non-beacon
192.168.218.218,141.75.44.180,5,1602.2066098,839808.3385780255,non-beacon
192.168.42.245,158.253.4.121,10,860.2723952,481068.2863036684,non-beacon
192.168.105.219,126.82.213.187,14,607.6135046428572,162381.1020223244,non-beacon
192.168.182.63,171.26.210.212,12,642.1107151666666,563140.5754942544,non-beacon
192.168.81.191,174.231.203.32,8,974.3339085,725573.363584364,non-beacon
192.168.134.208,251.107.70.158,8,1001.4779122500001,534931.2739534645,non-beacon
192.168.253.217,97.176.244.27,8,1180.964110375,788024.1893405088,non-beacon
192.168.103.163,172.195.149.36,9,756.5234886666666,252066.59766956925,non-beacon
192.168.134.208,17.178.0.1,8,1032.771192125,1117026.2802536283,non-beacon
192.168.105.219,154.105.107.242,6,1418.9773598333331,641510.0612857145,non-beacon
192.168.218.218,235.76.70.9,12,765.7887413333333,532561.1744959318,non-beacon
192.168.103.163,201.169.9.152,6,684.6067078333334,343170.7999152636,non-beacon
192.168.105.219,35.237.188.72,13,676.1760491538461,270060.1867582634,non-beacon
192.168.81.191,73.93.245.28,16,554.275618,300903.8623760761,non-beacon
192.168.103.163,13.4.215.91,14,616.530665357143,393613.91806178394,non-beacon
192.168.105.219,235.41.86.124,10,805.4222357,963166.9715446137,non-beacon
192.168.81.191,117.95.84.22,13,572.3948458461539,228921.30303833925,non-beacon
192.168.134.208,117.95.84.22,12,626.1704626666667,303448.926097015,non-beacon
192.168.103.163,69.206.38.24,12,694.9858907500001,713060.4040807361,non-beacon
192.168.81.191,217.42.197.223,6,1319.293459,2077676.4312575052,non-beacon
192.168.253.217,228.86.32.151,2,2726.009833,6919121.976117534,non-beacon
192.168.105.219,17.178.0.1,11,835.1457821818184,1675949.0423219306,non-beacon
192.168.100.202,105.29.25.45,6,1117.0211568333334,429057.6721372311,non-beacon
192.168.182.63,37.147.7.92,11,873.705437909091,596428.5923960819,non-beacon
192.168.182.63,190.89.188.133,11,808.4705067272727,508415.99909542914,non-beacon
192.168.81.191,121.185.11.198,10,904.5302603999999,552065.5409234063,non-beacon
192.168.84.202,172.195.149.36,5,1541.6231128000002,1271345.1026760256,non-beacon
192.168.81.191,141.75.44.180,12,763.9002276666666,345945.8524550689,non-beacon
192.168.84.202,74.152.2.41,11,765.6629493636362,303479.0515060632,non-beacon
192.168.182.63,9.227.168.107,6,1573.4060693333333,3277722.750282966,non-beacon
192.168.218.218,115.166.232.26,8,1041.030697125,560952.5310375713,non-beacon
192.168.100.202,167.74.76.72,13,685.4778841538462,485408.84993597027,non-beacon
192.168.134.208,137.99.116.14,8,586.0732787499999,299356.48926509765,non-beacon
192.168.182.63,45.6.49.70,8,1203.169145375,1208562.9914158927,non-beacon
192.168.103.163,45.105.154.110,11,849.040014181818,436538.27715554496,non-beacon
192.168.103.163,1.34.17.203,7,1331.3345941428572,842894.4103064984,non-beacon
192.168.105.219,118.111.43.25,11,867.0589094545455,569617.1706922029,non-beacon
192.168.81.191,58.50.47.48,14,665.4622362142857,345725.5311831225,non-beacon
192.168.81.191,38.139.204.159,14,561.4858143571429,263169.14905281307,non-beacon
192.168.42.245,115.166.232.26,5,1809.8159051999999,1593440.973268719,non-beacon
192.168.105.219,137.99.116.14,10,918.8348592999998,444348.08898080187,non-beacon
192.168.103.163,99.218.83.185,15,602.3155398,331295.08540016145,non-beacon
192.168.100.202,150.124.191.87,9,1015.7993165555555,707810.019489252,non-beacon
192.168.105.219,50.75.199.161,9,997.6110693333334,393870.40684680466,non-beacon
192.168.103.163,29.92.235.15,11,850.2018619999999,707322.3810347687,non-beacon
192.168.84.202,235.76.70.9,12,780.6349906666668,386231.88455415214,non-beacon
192.168.134.208,185.193.223.154,9,988.3570081111112,400895.90201854,non-beacon
192.168.42.245,121.185.11.198,7,1278.136407285714,558044.0998257088,non-beacon
192.168.218.218,36.174.230.226,7,944.1708067142856,411699.98645040306,non-beacon
192.168.253.217,177.158.56.11,8,1228.7855463750002,1158535.2354343166,non-beacon
192.168.253.217,193.199.182.196,5,1322.3139342,460797.8307321789,non-beacon
192.168.182.63,201.169.9.152,15,578.884625,302571.7663641849,non-beacon
192.168.103.163,158.253.4.121,11,676.2071644545455,275798.11324847996,non-beacon
192.168.100.202,201.169.9.152,2,1361.4683435000002,106867.72407609575,non-beacon
192.168.42.245,69.206.38.24,7,821.5289754285714,177896.7296748894,non-beacon
192.168.81.191,17.178.0.1,9,992.0133822222223,622137.0813176777,non-beacon
192.168.134.208,225.249.112.56,8,905.002285375,568232.6437275923,non-beacon
192.168.218.218,217.42.197.223,2,3145.6444855,632125.6565723328,non-beacon
192.168.134.208,160.175.249.253,10,948.2538689,876449.7311168031,non-beacon
192.168.81.191,1.34.17.203,10,676.5266084,539804.3667284149,non-beacon
192.168.218.218,128.155.93.121,6,970.2933076666667,565603.9863513407,non-beacon
192.168.134.208,155.39.254.91,9,899.9353382222222,1028367.1501368845,non-beacon
192.168.218.218,225.185.243.136,10,880.3018819000001,757705.3495178563,non-beacon
192.168.103.163,243.165.50.35,7,1206.7559559999997,592006.6312624363,non-beacon
192.168.218.218,150.124.191.87,17,528.1091818235294,243862.98488983314,non-beacon
192.168.253.217,174.231.203.32,7,779.6304345714286,400932.23482669936,non-beacon
192.168.100.202,86.33.209.185,12,600.90032325,179801.1824501691,non-beacon
192.168.134.208,29.242.128.179,5,1079.3179546,899231.1135712102,non-beacon
192.168.182.63,5.181.34.254,8,1177.72978475,1346285.0444827988,non-beacon
192.168.100.202,5.181.34.254,6,956.442476666667,458612.58605180675,non-beacon
192.168.100.202,9.227.168.107,7,1181.8574204285712,1320567.550163849,non-beacon
192.168.81.191,161.252.31.220,8,845.440072625,473727.45853538025,non-beacon
192.168.103.163,177.233.229.20,5,1600.2225412,1782201.3757289394,non-beacon
192.168.253.217,141.75.44.180,8,1101.53494775,1328355.8284774257,non-beacon
192.168.134.208,105.46.33.138,11,796.605078909091,647442.1425157419,non-beacon
192.168.134.208,35.237.188.72,7,967.9052225714286,510502.62917818327,non-beacon
192.168.84.202,29.138.228.137,4,1194.3424442500002,313871.8848547109,non-beacon
192.168.100.202,155.39.254.91,18,419.5622943333334,92488.5411366991,non-beacon
192.168.81.191,2.11.52.169,3,2787.392172,4194224.6566206203,non-beacon
192.168.218.218,235.98.12.115,11,644.3410425454546,160850.7736958977,non-beacon
192.168.42.245,99.218.83.185,18,478.2747444444445,251696.50924385726,non-beacon
192.168.218.218,74.152.2.41,9,749.3621061111112,189835.81886056298,non-beacon
192.168.42.245,88.117.76.47,7,1108.2579497142858,2129394.7582502896,non-beacon
192.168.81.191,158.253.4.121,8,1047.9990294999998,600580.3002082002,non-beacon
192.168.218.218,105.29.25.45,3,970.2097083333332,329252.5959412835,non-beacon
192.168.218.218,13.4.215.91,6,955.6119638333333,629571.7498513357,non-beacon
192.168.100.202,115.28.69.139,14,661.7489926428572,607849.2478278965,non-beacon
192.168.103.163,224.242.140.208,11,749.1624691818182,600052.1410070411,non-beacon
192.168.218.218,86.92.23.137,2,3046.6582635000004,612622.6376124725,non-beacon
192.168.253.217,29.92.235.15,11,831.7669914545454,775906.1187110748,non-beacon
192.168.182.63,118.111.43.25,8,1110.135814375,844884.4899789263,non-beacon
192.168.103.163,98.177.110.62,6,1293.6039246666667,529667.175191107,non-beacon
192.168.218.218,1.34.17.203,7,1080.5891431428572,625427.8483567555,non-beacon
192.168.100.202,172.195.149.36,4,1486.1265655000002,5537735.287552978,non-beacon
192.168.105.219,160.175.249.253,15,519.2232984666666,97647.4455262955,non-beacon
192.168.103.163,148.19.106.209,9,859.4257687777776,370364.0567019482,non-beacon
192.168.81.191,172.195.149.36,3,1779.1978243333333,207464.67269702334,non-beacon
192.168.218.218,118.111.43.25,7,1295.0570427142854,1577441.5561661536,non-beacon
192.168.182.63,155.39.254.91,4,1085.2927974999998,185263.87951313675,non-beacon
192.168.134.208,190.89.188.133,9,1023.4792263333334,697219.0249816943,non-beacon
192.168.253.217,250.49.159.106,8,1114.911586875,700410.4624602412,non-beacon
192.168.103.163,167.74.76.72,10,600.7020928,357933.5049296862,non-beacon
192.168.100.202,37.147.7.92,12,724.7609034999999,420421.1382188052,non-beacon
192.168.182.63,105.29.25.45,4,1960.39306475,1765557.445632344,non-beacon
192.168.105.219,88.117.76.47,10,974.7438668000001,815922.6821363184,non-beacon
192.168.103.163,225.185.243.136,8,1141.076443,566493.5519191561,non-beacon
192.168.134.208,158.253.4.121,11,842.0265908181817,322801.5829332446,non-beacon
192.168.100.202,1.34.17.203,5,1964.5948772,2197856.756646142,non-beacon
192.168.103.163,105.46.33.138,7,1176.4915152857143,244437.04376038283,non-beacon
192.168.253.217,6.102.16.230,11,848.9405482727274,443201.08417788555,non-beacon
192.168.100.202,177.158.56.11,12,798.5622116666668,610957.3755633208,non-beacon
192.168.134.208,113.131.91.37,3,2514.920581,1493622.7656483762,non-beacon
192.168.100.202,127.254.163.108,11,700.2910581818182,428127.8426027166,non-beacon
192.168.134.208,53.35.146.99,11,853.4064614545455,364229.4953241067,non-beacon
192.168.105.219,155.17.131.46,7,1085.9970241428573,839600.9286284735,non-beacon
192.168.134.208,69.206.38.24,11,833.4916908181818,140931.38046524307,non-beacon
192.168.218.218,157.247.55.67,14,665.3054596428572,366676.2659515994,non-beacon
192.168.253.217,161.252.31.220,5,1333.8198823999999,1606961.819008288,non-beacon
192.168.253.217,38.139.204.159,9,818.1813092222224,683362.684604698,non-beacon
192.168.253.217,160.175.249.253,15,580.5808116666667,206627.32966482954,non-beacon
192.168.42.245,190.89.188.133,6,1165.2146850000001,2773181.996189735,non-beacon
192.168.105.219,185.193.223.154,4,1382.4632310000002,873361.1177716875,non-beacon
192.168.84.202,17.178.0.1,13,674.717545076923,293161.10350424296,non-beacon
192.168.105.219,1.34.17.203,10,566.9596801,278656.9502223466,non-beacon
192.168.84.202,19.49.115.14,5,1726.0634189999996,1384861.5818266086,non-beacon
192.168.253.217,50.75.199.161,8,891.2104097499999,766983.3844915051,non-beacon
192.168.105.219,87.55.79.49,6,900.5683851666666,197865.4165575834,non-beacon
192.168.253.217,88.117.76.47,13,643.422807,461982.1601461945,non-beacon
192.168.42.245,118.111.43.25,5,1383.6468506,1283208.967620605,non-beacon
192.168.42.245,193.199.182.196,7,1276.2214615714286,1083509.2651886004,non-beacon
192.168.105.219,190.89.188.133,8,1039.40582125,736127.5423849784,non-beacon
192.168.103.163,155.39.254.91,7,1119.5484762857143,1626035.1121829743,non-beacon
192.168.81.191,124.168.101.162,7,975.0754297142859,641324.4154762898,non-beacon
192.168.100.202,230.85.238.185,12,683.59737375,192968.9005023153,non-beacon
192.168.81.191,243.165.50.35,5,809.1662567999999,580207.8682818128,non-beacon
192.168.253.217,113.131.91.37,6,1176.8280255,1613034.886207993,non-beacon
192.168.218.218,127.254.163.108,9,1079.6827604444443,967894.8063608394,non-beacon
192.168.84.202,161.252.31.220,6,1201.08557,480300.31890161784,non-beacon
192.168.103.163,17.178.0.1,9,1005.038280111111,569313.3456421719,non-beacon
192.168.42.245,1.34.17.203,15,574.9515475333333,90692.07572954842,non-beacon
192.168.253.217,53.35.146.99,3,2320.975432333333,970769.7076381346,non-beacon
192.168.84.202,45.105.154.110,5,909.8240854,318084.6751079258,non-beacon
192.168.81.191,29.138.228.137,4,348.10253624999973,4188.055702586328,non-beacon
192.168.218.218,50.75.199.161,12,668.1919311666667,360338.1827426599,non-beacon
192.168.84.202,150.124.191.87,11,808.0046232727273,541237.9825500901,non-beacon
192.168.84.202,154.105.107.242,9,1003.8868527777777,450679.43126774556,non-beacon
192.168.182.63,155.17.131.46,9,830.8517506666667,706943.9132204073,non-beacon
192.168.218.218,190.89.188.133,10,823.0846389000001,284113.6306358087,non-beacon
192.168.253.217,158.253.4.121,14,664.5446155000001,255675.18644085937,non-beacon
192.168.253.217,235.76.70.9,12,682.5169835833334,485578.581110592,non-beacon
192.168.105.219,80.101.198.188,10,699.6659859,188453.5702440965,non-beacon
192.168.105.219,71.76.177.98,6,1357.5219036666667,1264817.7339289025,non-beacon
192.168.100.202,113.131.91.37,11,786.7457034545455,295630.9892196304,non-beacon
192.168.42.245,230.85.238.185,2,2689.4628815,1274468.080322033,non-beacon
192.168.134.208,124.168.101.162,9,855.3828470000001,556283.2017349809,non-beacon
192.168.134.208,171.26.210.212,15,575.1451963333333,529617.8770854918,non-beacon
192.168.84.202,86.92.23.137,7,953.2781214285715,235098.27177428763,non-beacon
192.168.81.191,251.107.70.158,11,826.7367352727273,306816.5966489551,non-beacon
192.168.100.202,19.49.115.14,7,835.125066,607666.8199323984,non-beacon
192.168.42.245,98.177.110.62,14,618.8059009285714,313992.497079174,non-beacon
192.168.103.163,235.76.70.9,11,716.1839041818181,365135.92869470327,non-beacon
192.168.253.217,204.140.138.141,11,803.2761127272726,539421.2364518576,non-beacon
192.168.103.163,53.35.146.99,10,731.1975443,715011.4951034875,non-beacon
192.168.218.218,26.6.72.28,5,1162.3887602,200999.0608324293,non-beacon
192.168.84.202,105.29.25.45,15,664.0824799333333,208581.76384153267,non-beacon
192.168.105.219,97.176.244.27,8,968.1583157499999,865203.9628064077,non-beacon
192.168.81.191,69.206.38.24,8,1070.696729625,1508082.566330231,non-beacon
192.168.84.202,127.254.163.108,10,909.6433827000001,198299.08300771096,non-beacon
192.168.84.202,98.177.110.62,8,944.7336936249999,125178.03676893904,non-beacon
192.168.105.219,183.73.193.177,7,1251.836731,808178.348014057,non-beacon
192.168.253.217,9.227.168.107,5,713.9035419999998,177355.91729105293,non-beacon
192.168.103.163,174.231.203.32,5,1700.932687,794555.9177828038,non-beacon
192.168.42.245,217.42.197.223,7,1072.9097205714286,1125622.8488059586,non-beacon
192.168.100.202,224.242.140.208,10,774.2545725,1581573.4104676289,non-beacon
192.168.218.218,19.49.115.14,4,837.9722972499999,352291.77053841104,non-beacon
192.168.105.219,224.242.140.208,11,883.5663851818182,644252.3541094791,non-beacon
192.168.103.163,90.5.95.6,9,711.2596298888889,201937.08781725838,non-beacon
192.168.182.63,250.49.159.106,5,1602.6605302,1819219.8214153268,non-beacon
192.168.105.219,6.102.16.230,8,935.7276315,1954809.289260374,non-beacon
192.168.134.208,128.155.93.121,10,788.8613361,1004051.3938639218,non-beacon
192.168.253.217,121.185.11.198,11,794.3277571818181,511580.166746987,non-beacon
192.168.81.191,141.187.39.25,13,637.6917764615386,203352.55009287965,non-beacon
192.168.253.217,5.181.34.254,15,574.4314496,391840.7422185282,non-beacon
192.168.134.208,36.174.230.226,8,942.86468775,415537.07491617725,non-beacon
192.168.100.202,124.168.101.162,2,924.8190844999999,15198.304942055403,non-beacon
192.168.42.245,155.17.131.46,6,1481.2206854999997,1395862.5349754284,non-beacon
192.168.218.218,172.195.149.36,14,503.5539304285714,183215.3920696085,non-beacon
192.168.182.63,13.4.215.91,6,1582.4192733333332,290218.1616539494,non-beacon
192.168.253.217,225.185.243.136,8,1161.447277625,948747.9370177089,non-beacon
192.168.84.202,177.233.229.20,13,679.2839052307693,270856.6107802692,non-beacon
192.168.81.191,225.249.112.56,6,1554.1152455000001,3019834.692910707,non-beacon
192.168.103.163,37.147.7.92,6,750.2238906666668,551215.6053869142,non-beacon
192.168.253.217,230.85.238.185,4,1767.0211215000002,356449.21739554004,non-beacon
192.168.100.202,2.11.52.169,7,1245.3218217142858,1756280.7518374224,non-beacon
192.168.218.218,160.175.249.253,6,1466.3540915,1283108.2320434905,non-beacon
192.168.253.217,71.76.177.98,9,919.9113354444445,514026.0403836138,non-beacon
192.168.105.219,99.218.83.185,10,761.0078398999999,221915.40410993816,non-beacon
192.168.218.218,97.176.244.27,5,1200.4614364000001,2957285.390974722,non-beacon
192.168.105.219,113.131.91.37,13,687.2116733076922,954021.1491553071,non-beacon
192.168.134.208,235.98.12.115,6,1000.5984971666667,617538.9311998469,non-beacon
192.168.134.208,243.165.50.35,7,1083.002199,768447.2391864423,non-beacon
192.168.134.208,80.133.223.196,9,818.1184001111111,651049.8663826186,non-beacon
192.168.218.218,225.249.112.56,2,1824.787511,418629.9048309838,non-beacon
192.168.84.202,158.253.4.121,10,855.1678046999999,596513.4771626089,non-beacon
192.168.42.245,255.74.138.107,11,746.1664262727273,370365.40210951096,non-beacon
192.168.182.63,225.249.112.56,9,907.3275067777777,337986.47871346143,non-beacon
192.168.105.219,251.107.70.158,10,913.035725,752354.2102598817,non-beacon
192.168.100.202,137.99.116.14,3,1308.5027696666668,287279.68112056336,non-beacon
192.168.84.202,171.194.190.12,8,903.791451625,204771.22812367434,non-beacon
192.168.134.208,218.104.100.206,14,434.7730441428571,131882.86674708393,non-beacon
192.168.253.217,87.55.79.49,7,962.2560801428571,525124.7036295751,non-beacon
192.168.218.218,71.76.177.98,6,1150.5328865,492339.94140482676,non-beacon
192.168.103.163,230.85.238.185,9,951.7771704444444,948796.1193818091,non-beacon
192.168.134.208,105.29.25.45,11,814.2326846363637,380504.493530191,non-beacon
192.168.103.163,86.92.23.137,9,1091.039670777778,786425.7658512142,non-beacon
192.168.42.245,141.75.44.180,7,1041.3046274285714,558224.5156434637,non-beacon
192.168.134.208,20.178.20.121,3,2469.4094306666666,2312004.0121409534,non-beacon
192.168.105.219,45.105.154.110,7,1153.802458,1436978.2760883197,non-beacon
192.168.134.208,86.92.23.137,8,1059.95333975,899245.5111036384,non-beacon
192.168.81.191,193.199.182.196,12,773.9809235000001,977331.9038828522,non-beacon
192.168.42.245,161.252.31.220,9,1064.3367644444445,625586.8158431625,non-beacon
192.168.182.63,86.33.209.185,9,539.7032465555554,258804.41234343286,non-beacon
